{
  "label": "v2_feedback_on_640",
  "config": "configs/rtdetr/rtdetr_r50vd_hpc_feedback_p2_v2.yml",
  "ckpt": "/home/3415496/rt-detr/output/rtdetr_r50vd_hpc_feedback_p2_v2/checkpoint.pth",
  "feedback_off": false,
  "resolution": null,
  "n_params": 49082285,
  "AP": 0.520989462804012,
  "AP50": 0.7023616050038092,
  "AP75": 0.5645343580093174,
  "AP_S": 0.3425447168685723,
  "AP_M": 0.5633376690844102,
  "AP_L": 0.6881978527607677,
  "AR_1": 0.3864176947383187,
  "AR_10": 0.6482862913479879,
  "AR_100": 0.7186451676524235,
  "AR_S": 0.5429788714662627,
  "AR_M": 0.7601845928551626,
  "AR_L": 0.8765474159338357,
  "per_class_ap": {
    "person": 0.6166710576223308,
    "bicycle": 0.3899939500985658,
    "car": 0.5157101354293809,
    "motorcycle": 0.5475022045458585,
    "airplane": 0.7426681132670533,
    "bus": 0.7516070721196664,
    "train": 0.7529962816393301,
    "truck": 0.464008305694821,
    "boat": 0.35221579379844453,
    "traffic light": 0.3215603166315256,
    "fire hydrant": 0.741078664311417,
    "stop sign": 0.7272850753939359,
    "parking meter": 0.5295902262572809,
    "bench": 0.33999130012033685,
    "bird": 0.46911749499196714,
    "cat": 0.798361309468771,
    "dog": 0.7347491899239147,
    "horse": 0.6868011052797506,
    "sheep": 0.64399812772792,
    "cow": 0.6661922103169108,
    "elephant": 0.7066854691204151,
    "bear": 0.8216036719527878,
    "zebra": 0.771035386950503,
    "giraffe": 0.7617228065766728,
    "backpack": 0.21391044057983696,
    "umbrella": 0.5140627881422526,
    "handbag": 0.2489593807199552,
    "tie": 0.44181057940540613,
    "suitcase": 0.5332010786337283,
    "frisbee": 0.7554217063178639,
    "skis": 0.36586906729852336,
    "snowboard": 0.5054061959207444,
    "sports ball": 0.5327412237410949,
    "kite": 0.5150118416726646,
    "baseball bat": 0.45903767147205704,
    "baseball glove": 0.42830220817536474,
    "skateboard": 0.6247938662348752,
    "surfboard": 0.5253595122488134,
    "tennis racket": 0.5896276086119551,
    "bottle": 0.4754792431440933,
    "wine glass": 0.44212320357708457,
    "cup": 0.506539368820855,
    "fork": 0.5080201085904122,
    "knife": 0.32477221841563825,
    "spoon": 0.3248078295374007,
    "bowl": 0.5062959434519886,
    "banana": 0.31346452355035725,
    "apple": 0.2554697692621354,
    "sandwich": 0.5057350505770329,
    "orange": 0.3886115773280415,
    "broccoli": 0.30170461995548614,
    "carrot": 0.28873363106077166,
    "hot dog": 0.5094431400184996,
    "pizza": 0.6159473449036299,
    "donut": 0.6142568234394151,
    "cake": 0.46635642892921547,
    "chair": 0.3879022655711567,
    "couch": 0.5430672575501303,
    "potted plant": 0.34464609606082197,
    "bed": 0.565490038566777,
    "dining table": 0.36627513140741824,
    "toilet": 0.7065625512796354,
    "tv": 0.6480422265396522,
    "laptop": 0.7209515285142621,
    "mouse": 0.691322453729207,
    "remote": 0.4512819784575317,
    "keyboard": 0.6274791413976032,
    "cell phone": 0.472039556285256,
    "microwave": 0.686944178729457,
    "oven": 0.43245120094957185,
    "toaster": 0.5997773586882498,
    "sink": 0.45467986589800363,
    "refrigerator": 0.664509166293883,
    "book": 0.21616038145007788,
    "clock": 0.5710071403416004,
    "vase": 0.4521992190743823,
    "scissors": 0.3784821433446912,
    "teddy bear": 0.5962326416349025,
    "hair drier": 0.2545483586106611,
    "toothbrush": 0.3926838809692828
  }
}