{
  "label": "v2_feedback_off_640",
  "config": "configs/rtdetr/rtdetr_r50vd_hpc_feedback_p2_v2.yml",
  "ckpt": "/home/3415496/rt-detr/output/rtdetr_r50vd_hpc_feedback_p2_v2/checkpoint.pth",
  "feedback_off": true,
  "resolution": null,
  "n_params": 49082285,
  "AP": 0.5153313492703449,
  "AP50": 0.6982626561751837,
  "AP75": 0.5594142563726254,
  "AP_S": 0.3326279780491411,
  "AP_M": 0.5591166742253568,
  "AP_L": 0.683209398802153,
  "AR_1": 0.3824993402950061,
  "AR_10": 0.6427738824154977,
  "AR_100": 0.7125221969664335,
  "AR_S": 0.531096100268065,
  "AR_M": 0.7553968360514952,
  "AR_L": 0.8691684673963056,
  "per_class_ap": {
    "person": 0.612837609418045,
    "bicycle": 0.38713925759482365,
    "car": 0.5099991819082934,
    "motorcycle": 0.5393884370142427,
    "airplane": 0.7378993147230459,
    "bus": 0.7534141683582787,
    "train": 0.7525819652271992,
    "truck": 0.45516309305540403,
    "boat": 0.3477038724954374,
    "traffic light": 0.31884642695605314,
    "fire hydrant": 0.7373314708742901,
    "stop sign": 0.7197663090974641,
    "parking meter": 0.5179399909492269,
    "bench": 0.33410466387385424,
    "bird": 0.462473140250013,
    "cat": 0.7971930390883204,
    "dog": 0.7357578813487924,
    "horse": 0.6847847963443942,
    "sheep": 0.6457344355997244,
    "cow": 0.657375795114094,
    "elephant": 0.6962743081178028,
    "bear": 0.8188040347553888,
    "zebra": 0.7722335339893314,
    "giraffe": 0.76352371336094,
    "backpack": 0.20685523111211002,
    "umbrella": 0.5047858974906415,
    "handbag": 0.24380721184290222,
    "tie": 0.4376982621353933,
    "suitcase": 0.5214947798088837,
    "frisbee": 0.7506691127269621,
    "skis": 0.35694075899888417,
    "snowboard": 0.4875882585660646,
    "sports ball": 0.5286994267502649,
    "kite": 0.5148086183262559,
    "baseball bat": 0.45881134722484845,
    "baseball glove": 0.42630099252549675,
    "skateboard": 0.6211246718909924,
    "surfboard": 0.5108612676914885,
    "tennis racket": 0.583918468967943,
    "bottle": 0.46920441612896024,
    "wine glass": 0.4395870516624665,
    "cup": 0.5039970918931908,
    "fork": 0.4967349721359517,
    "knife": 0.31978640729287583,
    "spoon": 0.32268859127477123,
    "bowl": 0.5024157977084469,
    "banana": 0.31172606004074316,
    "apple": 0.2481419540237681,
    "sandwich": 0.4966523656700731,
    "orange": 0.38941973942372726,
    "broccoli": 0.29602599092992793,
    "carrot": 0.2837075013260186,
    "hot dog": 0.5045552568541714,
    "pizza": 0.6021250496734293,
    "donut": 0.6046179102476147,
    "cake": 0.46215493520855605,
    "chair": 0.3830140575804946,
    "couch": 0.5349039838299581,
    "potted plant": 0.3391634151460414,
    "bed": 0.554256667754152,
    "dining table": 0.36483976006263324,
    "toilet": 0.7035053465335587,
    "tv": 0.6429868972235607,
    "laptop": 0.7161869804882632,
    "mouse": 0.6803649119644649,
    "remote": 0.44257687031986337,
    "keyboard": 0.6238648846167892,
    "cell phone": 0.4716261745612721,
    "microwave": 0.6633495605012333,
    "oven": 0.43172320628872757,
    "toaster": 0.5853135313531352,
    "sink": 0.44901468022753854,
    "refrigerator": 0.6602924935174772,
    "book": 0.20872593234750256,
    "clock": 0.562480923797667,
    "vase": 0.4492101325095451,
    "scissors": 0.37419280553935014,
    "teddy bear": 0.5894031160202483,
    "hair drier": 0.2375073373098261,
    "toothbrush": 0.39182843506599613
  }
}