{
  "label": "v2_feedback_on_800",
  "config": "configs/rtdetr/rtdetr_r50vd_hpc_feedback_p2_v2.yml",
  "ckpt": "/home/3415496/rt-detr/output/rtdetr_r50vd_hpc_feedback_p2_v2/checkpoint.pth",
  "feedback_off": false,
  "resolution": [
    800,
    800
  ],
  "n_params": 49082285,
  "AP": 0.523123515152723,
  "AP50": 0.7067157438789773,
  "AP75": 0.5712951807191929,
  "AP_S": 0.37010050630871094,
  "AP_M": 0.5634704036332981,
  "AP_L": 0.6703644160295966,
  "AR_1": 0.3865444461489582,
  "AR_10": 0.6532937593817744,
  "AR_100": 0.7252374098939788,
  "AR_S": 0.5621674179082965,
  "AR_M": 0.7610283351331836,
  "AR_L": 0.8786252728247916,
  "per_class_ap": {
    "person": 0.6193219226622364,
    "bicycle": 0.3889735820134585,
    "car": 0.5257529774764557,
    "motorcycle": 0.5239306942819276,
    "airplane": 0.745853117662411,
    "bus": 0.7533517196707508,
    "train": 0.7367743034249419,
    "truck": 0.4690073111673367,
    "boat": 0.3598208238513839,
    "traffic light": 0.33086576172496424,
    "fire hydrant": 0.7127375516694808,
    "stop sign": 0.7352582280523586,
    "parking meter": 0.5491117369974501,
    "bench": 0.3409720881665192,
    "bird": 0.47447153369172373,
    "cat": 0.791930633209046,
    "dog": 0.7289458855675623,
    "horse": 0.7000728120691245,
    "sheep": 0.6421381923412888,
    "cow": 0.6735757681500942,
    "elephant": 0.7011280049384018,
    "bear": 0.8163037133588438,
    "zebra": 0.7572474244298704,
    "giraffe": 0.7408132128550761,
    "backpack": 0.22224218618021643,
    "umbrella": 0.5138979420761487,
    "handbag": 0.2604781990488502,
    "tie": 0.46199423947824625,
    "suitcase": 0.5343608024530484,
    "frisbee": 0.7636678743327272,
    "skis": 0.37294292139975904,
    "snowboard": 0.5154259098833808,
    "sports ball": 0.5506281547435091,
    "kite": 0.5278853296866781,
    "baseball bat": 0.476201582427808,
    "baseball glove": 0.42942483838794393,
    "skateboard": 0.6252820870278639,
    "surfboard": 0.5204777393567924,
    "tennis racket": 0.5895371496594952,
    "bottle": 0.4786290327684638,
    "wine glass": 0.47129963910126765,
    "cup": 0.5274445129392662,
    "fork": 0.5294132493076431,
    "knife": 0.3219560774451838,
    "spoon": 0.35404261087559824,
    "bowl": 0.5097240227922083,
    "banana": 0.31020172557415526,
    "apple": 0.26693531201962245,
    "sandwich": 0.5003899455486096,
    "orange": 0.38978386107633545,
    "broccoli": 0.30548032754159266,
    "carrot": 0.28931373498751195,
    "hot dog": 0.5374120806435124,
    "pizza": 0.6167455454579502,
    "donut": 0.5942116036714052,
    "cake": 0.46962463783730357,
    "chair": 0.38982261677516467,
    "couch": 0.5192016587275609,
    "potted plant": 0.3461721200587695,
    "bed": 0.5624436288603095,
    "dining table": 0.3590192015123507,
    "toilet": 0.7135163399840103,
    "tv": 0.6401689054965986,
    "laptop": 0.7036870463579259,
    "mouse": 0.6977446304103199,
    "remote": 0.47007268735316887,
    "keyboard": 0.6201327782432424,
    "cell phone": 0.4854133251773363,
    "microwave": 0.6796892467616756,
    "oven": 0.4230017844545649,
    "toaster": 0.5609502049106009,
    "sink": 0.46135348947127003,
    "refrigerator": 0.6645529840787279,
    "book": 0.23072875299754503,
    "clock": 0.5509713476475946,
    "vase": 0.46621795751822637,
    "scissors": 0.4082966720946132,
    "teddy bear": 0.5908635066176394,
    "hair drier": 0.25291141189603217,
    "toothbrush": 0.39753503964977677
  }
}