{
  "label": "feedback_off_640",
  "config": "configs/rtdetr/rtdetr_r50vd_hpc_feedback_p2.yml",
  "ckpt": "/home/3415496/rt-detr/output/rtdetr_r50vd_hpc_feedback_p2/checkpoint.pth",
  "feedback_off": true,
  "resolution": null,
  "n_params": 49082285,
  "AP": 0.5191991549848217,
  "AP50": 0.7019969752885583,
  "AP75": 0.5647990221080023,
  "AP_S": 0.3390750081470027,
  "AP_M": 0.5618218892401041,
  "AP_L": 0.686284609921591,
  "AR_1": 0.3835711818505753,
  "AR_10": 0.6482789933088519,
  "AR_100": 0.7173862958864783,
  "AR_S": 0.5392777903307501,
  "AR_M": 0.7585005771097451,
  "AR_L": 0.8819005293926169,
  "per_class_ap": {
    "person": 0.6180007342298778,
    "bicycle": 0.387672898317082,
    "car": 0.5162742506498283,
    "motorcycle": 0.5351014494569161,
    "airplane": 0.7576006093906417,
    "bus": 0.7642935032593065,
    "train": 0.7458976462634467,
    "truck": 0.47150838886764684,
    "boat": 0.3403741734894671,
    "traffic light": 0.3205978147219324,
    "fire hydrant": 0.7333944458532642,
    "stop sign": 0.7382109181310427,
    "parking meter": 0.5086392187965061,
    "bench": 0.3365018966984328,
    "bird": 0.4588944410892711,
    "cat": 0.794643363255368,
    "dog": 0.7413192131088656,
    "horse": 0.6857823616039187,
    "sheep": 0.6334993078995061,
    "cow": 0.6683926282604744,
    "elephant": 0.7166955721464447,
    "bear": 0.824109485297966,
    "zebra": 0.7640800546781916,
    "giraffe": 0.7621353227109549,
    "backpack": 0.20576960231154962,
    "umbrella": 0.5083747998236071,
    "handbag": 0.24575141703672487,
    "tie": 0.4259406935352094,
    "suitcase": 0.5302148857603929,
    "frisbee": 0.7604734731866528,
    "skis": 0.35868232617559087,
    "snowboard": 0.4743247548761977,
    "sports ball": 0.5382372555709064,
    "kite": 0.5336479059125818,
    "baseball bat": 0.4589841692450518,
    "baseball glove": 0.430659847450283,
    "skateboard": 0.6102307528292066,
    "surfboard": 0.5236637477284325,
    "tennis racket": 0.5785741450538817,
    "bottle": 0.46078562302811293,
    "wine glass": 0.4360475694288044,
    "cup": 0.5120415945149378,
    "fork": 0.504613156603297,
    "knife": 0.3235219620904423,
    "spoon": 0.32663676000666564,
    "bowl": 0.5074999684268692,
    "banana": 0.3285002435075824,
    "apple": 0.2574577478517137,
    "sandwich": 0.510815978724741,
    "orange": 0.3876053753889511,
    "broccoli": 0.2969000024073305,
    "carrot": 0.2928175066938962,
    "hot dog": 0.4784012684940886,
    "pizza": 0.6199397417286346,
    "donut": 0.6039494208191011,
    "cake": 0.4590113630184836,
    "chair": 0.38813603802034047,
    "couch": 0.5318483915453592,
    "potted plant": 0.3353602073200934,
    "bed": 0.5867307633910896,
    "dining table": 0.3728689528354319,
    "toilet": 0.7179548095469676,
    "tv": 0.6577710203894062,
    "laptop": 0.7107630962998154,
    "mouse": 0.6787695096330465,
    "remote": 0.4279891950797839,
    "keyboard": 0.621034823596795,
    "cell phone": 0.4648744202004158,
    "microwave": 0.7021487125122535,
    "oven": 0.4405026119108987,
    "toaster": 0.5115763266382313,
    "sink": 0.46888273102007233,
    "refrigerator": 0.6885361905932265,
    "book": 0.2167472340181428,
    "clock": 0.5679750672678247,
    "vase": 0.4350333067676011,
    "scissors": 0.42053448522781883,
    "teddy bear": 0.6102525679440862,
    "hair drier": 0.2693877117844527,
    "toothbrush": 0.39655946783631535
  }
}