{
  "label": "feedback_p2_480",
  "config": "configs/rtdetr/rtdetr_r50vd_hpc_feedback_p2.yml",
  "ckpt": "/home/3415496/rt-detr/output/rtdetr_r50vd_hpc_feedback_p2/checkpoint.pth",
  "feedback_off": false,
  "resolution": [
    480,
    480
  ],
  "n_params": 49082285,
  "AP": 0.4936858314628544,
  "AP50": 0.6778530781758749,
  "AP75": 0.5347393215661456,
  "AP_S": 0.2914113554786842,
  "AP_M": 0.5358049097284803,
  "AP_L": 0.6899519258567967,
  "AR_1": 0.3727561138620296,
  "AR_10": 0.6247641116468347,
  "AR_100": 0.689296806755052,
  "AR_S": 0.484393094718043,
  "AR_M": 0.7403223210123112,
  "AR_L": 0.8686889015256355,
  "per_class_ap": {
    "person": 0.5882727834077219,
    "bicycle": 0.34865792441231935,
    "car": 0.4661524269832013,
    "motorcycle": 0.5101852159831665,
    "airplane": 0.7291825715564584,
    "bus": 0.7403105262837936,
    "train": 0.734500124217077,
    "truck": 0.4119724073957781,
    "boat": 0.33136686774172214,
    "traffic light": 0.29169360453057613,
    "fire hydrant": 0.7016035015467923,
    "stop sign": 0.7016746967893598,
    "parking meter": 0.5116148212084055,
    "bench": 0.32045398960992333,
    "bird": 0.42228989661023336,
    "cat": 0.7856533932712266,
    "dog": 0.7371359014862181,
    "horse": 0.6273504829845902,
    "sheep": 0.6012413566682507,
    "cow": 0.6342643216253819,
    "elephant": 0.7110933225900075,
    "bear": 0.813810650349239,
    "zebra": 0.7363318324468638,
    "giraffe": 0.7296298946133221,
    "backpack": 0.19333410476425483,
    "umbrella": 0.47328608531334754,
    "handbag": 0.20682273402989929,
    "tie": 0.40789526767812423,
    "suitcase": 0.5165600960266653,
    "frisbee": 0.7264698734126654,
    "skis": 0.34877850292963397,
    "snowboard": 0.4390903732928436,
    "sports ball": 0.5013309450470254,
    "kite": 0.527207992429087,
    "baseball bat": 0.3919112683648477,
    "baseball glove": 0.37886736767517887,
    "skateboard": 0.5968957656997711,
    "surfboard": 0.5046341301194148,
    "tennis racket": 0.5323837216771858,
    "bottle": 0.4276558274393878,
    "wine glass": 0.39437106903907126,
    "cup": 0.4578810873768512,
    "fork": 0.45183111305156226,
    "knife": 0.29043975048642673,
    "spoon": 0.28837357832214466,
    "bowl": 0.46773102975574016,
    "banana": 0.33338381044714527,
    "apple": 0.24671971767820378,
    "sandwich": 0.46790583395446417,
    "orange": 0.3868328931048108,
    "broccoli": 0.27555328715182975,
    "carrot": 0.2761564161176599,
    "hot dog": 0.48550384313181066,
    "pizza": 0.6002167266108631,
    "donut": 0.5864891573046507,
    "cake": 0.442294742104676,
    "chair": 0.35015111689132783,
    "couch": 0.5242231801331014,
    "potted plant": 0.31479866782008786,
    "bed": 0.5743264886063992,
    "dining table": 0.3710214891309836,
    "toilet": 0.7219189348969937,
    "tv": 0.6341707204801095,
    "laptop": 0.685499752452759,
    "mouse": 0.669294353860474,
    "remote": 0.3890286470618921,
    "keyboard": 0.5964357286359305,
    "cell phone": 0.4304634664971785,
    "microwave": 0.6432515843867446,
    "oven": 0.4418410360331849,
    "toaster": 0.48471318909927635,
    "sink": 0.4408499639395357,
    "refrigerator": 0.6713989469866902,
    "book": 0.19786497572624875,
    "clock": 0.5487013946180034,
    "vase": 0.4027393935802903,
    "scissors": 0.3957294914290933,
    "teddy bear": 0.5546252796228924,
    "hair drier": 0.25968170833552184,
    "toothbrush": 0.38088638095475325
  }
}